Workbook
Name Slicer_Branch: #N/A

Sheet Raw_Data
A1: Student_ID | B1: Branch | C1: CGPA | D1: Internships | E1: Skill_Count | F1: Skill_Names | G1: Placed | H1: Salary | I1: Company_Tier | J1: Offer_Count
A2: S001 | B2: CSE | C2: 9.1 | D2: 3 | E2: 6 | F2: Python|SQL|ML|DSA|Java|Tableau | G2: Yes | H2: 12.5 | I2: Tier1 | J2: 3
A3: S002 | B3: CSE | C3: 8.7 | D3: 2 | E3: 5 | F3: Python|SQL|DSA|Java|React | G3: Yes | H3: 9.8 | I3: Tier1 | J3: 2
A4: S003 | B4: CSE | C4: 7.2 | D4: 1 | E4: 3 | F4: Java|DSA|C++ | G4: Yes | H4: 5.5 | I4: Tier2 | J4: 1
A5: S004 | B5: CSE | C5: 6.5 | D5: 0 | E5: 2 | F5: Java|C++ | G5: No | H5: 0 | I5: None | J5: 0
A6: S005 | B6: CSE | C6: 8.9 | D6: 3 | E6: 6 | F6: Python|ML|SQL|Tableau|Power BI|DSA | G6: Yes | H6: 14.2 | I6: Tier1 | J6: 3
A7: S006 | B7: CSE | C7: 5.8 | D7: 0 | E7: 1 | F7: C++ | G7: No | H7: 0 | I7: None | J7: 0
A8: S007 | B8: CSE | C8: 7.8 | D8: 2 | E8: 4 | F8: Python|SQL|Java|DSA | G8: Yes | H8: 7.2 | I8: Tier2 | J8: 1
A9: S008 | B9: CSE | C9: 9.4 | D9: 3 | E9: 7 | F9: Python|ML|AI|SQL|DSA|Java|Cloud | G9: Yes | H9: 18.5 | I9: Tier1 | J9: 4
A10: S009 | B10: CSE | C10: 6.1 | D10: 1 | E10: 2 | F10: Java|C++ | G10: No | H10: 0 | I10: None | J10: 0
A11: S010 | B11: CSE | C11: 7.5 | D11: 1 | E11: 3 | F11: Python|SQL|DSA | G11: Yes | H11: 6.8 | I11: Tier2 | J11: 1
A12: S011 | B12: ECE | C12: 8.2 | D12: 2 | E12: 4 | F12: Embedded|VLSI|C|Python | G12: Yes | H12: 7.5 | I12: Tier2 | J12: 2
A13: S012 | B13: ECE | C13: 7.6 | D13: 1 | E13: 3 | F13: Embedded|C|VLSI | G13: Yes | H13: 5.2 | I13: Tier2 | J13: 1
... A51: S050 | B51: CIVIL | C51: 6.1 | D51: 0 | E51: 1 | F51: AutoCAD | G51: No | H51: 0 | I51: None | J51: 0

Sheet Analysis_CGPA
A3: Count of Student_ID | B3: Column Labels
A4: Row Labels | B4: No | C4: Yes | D4: Grand Total
A5: Average | B5: 0.66666667 | C5: 0 | D5: 0.2
A6: Below Average | B6: 0.33333333 | C6: 0 | D6: 0.1
A7: Excellent | B7: 0 | C7: 0.28571429 | D7: 0.2
A8: Good | B8: 0 | C8: 0.42857143 | D8: 0.3
A9: Outstanding | B9: 0 | C9: 0.28571429 | D9: 0.2
A10: Grand Total | B10: 1 | C10: 1 | D10: 1

Sheet Analysis_Skills
A2: Skill | B2: Students_With_Skill | C2: Avg_Salary_LPA | D2: Placement_Rate | E2: Overall Average Salary
A3: STAAD | B3: 5 | C3: 5.5 | D3: 0.6 | E3: =AVERAGEIF(Cleaned_Data!G14:L64,"Yes",Cleaned_Data!H14:L64) -> 7.8208333
A4: AutoCAD | B4: 10 | C4: 5.8 | D4: 0.65 | E4: =AVERAGEIF(Cleaned_Data!G10:L60,"Yes",Cleaned_Data!H10:L60) -> 7.6740741
A5: SolidWorks | B5: 6 | C5: 6.2 | D5: 0.7 | E5: =AVERAGEIF(Cleaned_Data!G11:L61,"Yes",Cleaned_Data!H11:L61) -> 7.6740741
A6: Java | B6: 8 | C6: 7.2 | D6: 0.88 | E6: =AVERAGEIF(Cleaned_Data!G7:L57,"Yes",Cleaned_Data!H7:L57) -> 8.0310345
A7: Embedded | B7: 6 | C7: 7.8 | D7: 0.9 | E7: =AVERAGEIF(Cleaned_Data!G8:L58,"Yes",Cleaned_Data!H8:L58) -> 8.0310345
A8: DSA | B8: 10 | C8: 8.5 | D8: 0.92 | E8: =AVERAGEIF(Cleaned_Data!G4:L54,"Yes",Cleaned_Data!H4:L54) -> 8.1483871
A9: VLSI | B9: 5 | C9: 8.5 | D9: 0.92 | E9: =AVERAGEIF(Cleaned_Data!G9:L59,"Yes",Cleaned_Data!H9:L59) -> 8.0607143
A10: Excel | B10: 6 | C10: 8.5 | D10: 0.85 | E10: =AVERAGEIF(Cleaned_Data!G12:L62,"Yes",Cleaned_Data!H12:L62) -> 7.7076923
A11: SQL | B11: 12 | C11: 9.8 | D11: 0.94 | E11: =AVERAGEIF(Cleaned_Data!G2:L52,"Yes",Cleaned_Data!H2:L52) -> 8.330303
A12: Python | B12: 18 | C12: 10.2 | D12: 0.95 | E12: =AVERAGEIF(Cleaned_Data!G1:L51,"Yes",Cleaned_Data!H1:L51) -> 8.330303
A13: Finance | B13: 5 | C13: 10.5 | D13: 0.95 | E13: =AVERAGEIF(Cleaned_Data!G13:L63,"Yes",Cleaned_Data!H13:L63) -> 7.716
A14: Power BI | B14: 5 | C14: 10.8 | D14: 1 | E14: =AVERAGEIF(Cleaned_Data!G6:L56,"Yes",Cleaned_Data!H6:L56) -> 8.2366667
A15: Tableau | B15: 5 | C15: 11.2 | D15: 1 | E15: =AVERAGEIF(Cleaned_Data!G5:L55,"Yes",Cleaned_Data!H5:L55) -> 8.2366667
A16: ML/AI | B16: 6 | C16: 14.5 | D16: 1 | E16: =AVERAGEIF(Cleaned_Data!G3:L53,"Yes",Cleaned_Data!H3:L53) -> 8.2

Sheet Internship
A3: Count of Student_ID | B3: Column Labels
A4: Row Labels | B4: No | C4: Yes | D4: Grand Total
A5: No Internship | B5: 1 | C5: 0 | D5: 1
A6: One Internship | B6: 0.33333333 | C6: 0.66666667 | D6: 1
A7: Three or More | B7: 0 | C7: 1 | D7: 1
A8: Two Internships | B8: 0 | C8: 1 | D8: 1
A9: Grand Total | B9: 0.3 | C9: 0.7 | D9: 1
A11: Internships | B11: Placment Rate | C11: Avg Offers | D11: Avg Salary
A12: 0 | B12: 0.06 | C12: 0.1 | D12: 0
A13: 1 | B13: 0.92 | C13: 1 | D13: 0.058
A14: 2 | B14: 1 | C14: 1.5 | D14: 0.075
A15: 3 | B15: 1 | C15: 2.8 | D15: 0.112

Sheet Branch
A3: Count of Student_ID | B3: Column Labels
A4: Row Labels | B4: No | C4: Yes | D4: Grand Total
A5: CSE | B5: 0.3 | C5: 0.7 | D5: 1
A6: Grand Total | B6: 0.3 | C6: 0.7 | D6: 1
A12: Row Labels | B12: Average of Salary
A13: CSE | B13: 7.45
A14: Grand Total | B14: 7.45
A20: Branch | B20: Total | C20: Placed | D20: Not Placed | E20: Placement% | F20: Avg Salary
A21: CSE | B21: 10 | C21: 8 | D21: 2 | E21: 0.8 | F21: 9.2
A22: ECE | B22: 10 | C22: 7 | D22: 3 | E22: 0.7 | F22: 7.6
A23: MECH | B23: 10 | C23: 6 | D23: 4 | E23: 0.6 | F23: 6.8
A24: MBA | B24: 10 | C24: 8 | D24: 2 | E24: 0.75 | F24: 8.5
A25: CIVIL | B25: 10 | C25: 6 | D25: 4 | E25: 0.6 | F25: 5.8

Sheet Dashboard
A2: COLLEGE PLACEMENT ANALYSIS DASHBOARD 2026
A4: =COUNTA(Cleaned_Data!A2:A51) -> 50 | F4: =COUNTIF(Cleaned_Data!G2:G51,"Yes")/COUNTA(Cleaned_Data!G2:G51)*100&"%" -> 66% | I4: =AVERAGEIF(Cleaned_Data!G2:G51,"Yes",Cleaned_Data!H2:H51) -> 8.330303 | N4: CSE
A9: Total Students | E9: Placement Rate | J9: Avg Salary(LPA) | N9: Top Branch

Sheet Cleaned_Data
A1: Student_ID | B1: Branch | C1: CGPA | D1: Internships | E1: Skill_Count | F1: Skill_Names | G1: Placed | H1: Salary | I1: Company_Tier | J1: Offer_Count | K1: CGPA_Category | L1: Internship_level
A2: S001 | B2: CSE | C2: 9.1 | D2: 3 | E2: 6 | F2: Python|SQL|ML|DSA|Java|Tableau | G2: Yes | H2: 12.5 | I2: Tier1 | J2: 3 | K2: =IF(C2>=9,"Outstanding",IF(C2>=8,"Excellent",IF(C2>=7,"Good",IF(C2>=6,"Average","Below Average")))) -> Outstanding | L2: =IF(D2=0,"No Internship",IF(D2=1,"One Internship",IF(D2=2,"Two Internships","Three or More"))) -> Three or More
A3: S002 | B3: CSE | C3: 8.7 | D3: 2 | E3: 5 | F3: Python|SQL|DSA|Java|React | G3: Yes | H3: 9.8 | I3: Tier1 | J3: 2 | K3: =IF(C3>=9,"Outstanding",IF(C3>=8,"Excellent",IF(C3>=7,"Good",IF(C3>=6,"Average","Below Average")))) -> Excellent | L3: =IF(D3=0,"No Internship",IF(D3=1,"One Internship",IF(D3=2,"Two Internships","Three or More"))) -> Two Internships
A4: S003 | B4: CSE | C4: 7.2 | D4: 1 | E4: 3 | F4: Java|DSA|C++ | G4: Yes | H4: 5.5 | I4: Tier2 | J4: 1 | K4: =IF(C4>=9,"Outstanding",IF(C4>=8,"Excellent",IF(C4>=7,"Good",IF(C4>=6,"Average","Below Average")))) -> Good | L4: =IF(D4=0,"No Internship",IF(D4=1,"One Internship",IF(D4=2,"Two Internships","Three or More"))) -> One Internship
A5: S004 | B5: CSE | C5: 6.5 | D5: 0 | E5: 2 | F5: Java|C++ | G5: No | H5: 0 | I5: None | J5: 0 | K5: =IF(C5>=9,"Outstanding",IF(C5>=8,"Excellent",IF(C5>=7,"Good",IF(C5>=6,"Average","Below Average")))) -> Average | L5: =IF(D5=0,"No Internship",IF(D5=1,"One Internship",IF(D5=2,"Two Internships","Three or More"))) -> No Internship
A6: S005 | B6: CSE | C6: 8.9 | D6: 3 | E6: 6 | F6: Python|ML|SQL|Tableau|Power BI|DSA | G6: Yes | H6: 14.2 | I6: Tier1 | J6: 3 | K6: =IF(C6>=9,"Outstanding",IF(C6>=8,"Excellent",IF(C6>=7,"Good",IF(C6>=6,"Average","Below Average")))) -> Excellent | L6: =IF(D6=0,"No Internship",IF(D6=1,"One Internship",IF(D6=2,"Two Internships","Three or More"))) -> Three or More
A7: S006 | B7: CSE | C7: 5.8 | D7: 0 | E7: 1 | F7: C++ | G7: No | H7: 0 | I7: None | J7: 0 | K7: =IF(C7>=9,"Outstanding",IF(C7>=8,"Excellent",IF(C7>=7,"Good",IF(C7>=6,"Average","Below Average")))) -> Below Average | L7: =IF(D7=0,"No Internship",IF(D7=1,"One Internship",IF(D7=2,"Two Internships","Three or More"))) -> No Internship
A8: S007 | B8: CSE | C8: 7.8 | D8: 2 | E8: 4 | F8: Python|SQL|Java|DSA | G8: Yes | H8: 7.2 | I8: Tier2 | J8: 1 | K8: =IF(C8>=9,"Outstanding",IF(C8>=8,"Excellent",IF(C8>=7,"Good",IF(C8>=6,"Average","Below Average")))) -> Good | L8: =IF(D8=0,"No Internship",IF(D8=1,"One Internship",IF(D8=2,"Two Internships","Three or More"))) -> Two Internships
A9: S008 | B9: CSE | C9: 9.4 | D9: 3 | E9: 7 | F9: Python|ML|AI|SQL|DSA|Java|Cloud | G9: Yes | H9: 18.5 | I9: Tier1 | J9: 4 | K9: =IF(C9>=9,"Outstanding",IF(C9>=8,"Excellent",IF(C9>=7,"Good",IF(C9>=6,"Average","Below Average")))) -> Outstanding | L9: =IF(D9=0,"No Internship",IF(D9=1,"One Internship",IF(D9=2,"Two Internships","Three or More"))) -> Three or More
A10: S009 | B10: CSE | C10: 6.1 | D10: 1 | E10: 2 | F10: Java|C++ | G10: No | H10: 0 | I10: None | J10: 0 | K10: =IF(C10>=9,"Outstanding",IF(C10>=8,"Excellent",IF(C10>=7,"Good",IF(C10>=6,"Average","Below Average")))) -> Average | L10: =IF(D10=0,"No Internship",IF(D10=1,"One Internship",IF(D10=2,"Two Internships","Three or More"))) -> One Internship
A11: S010 | B11: CSE | C11: 7.5 | D11: 1 | E11: 3 | F11: Python|SQL|DSA | G11: Yes | H11: 6.8 | I11: Tier2 | J11: 1 | K11: =IF(C11>=9,"Outstanding",IF(C11>=8,"Excellent",IF(C11>=7,"Good",IF(C11>=6,"Average","Below Average")))) -> Good | L11: =IF(D11=0,"No Internship",IF(D11=1,"One Internship",IF(D11=2,"Two Internships","Three or More"))) -> One Internship
A12: S011 | B12: ECE | C12: 8.2 | D12: 2 | E12: 4 | F12: Embedded|VLSI|C|Python | G12: Yes | H12: 7.5 | I12: Tier2 | J12: 2 | K12: =IF(C12>=9,"Outstanding",IF(C12>=8,"Excellent",IF(C12>=7,"Good",IF(C12>=6,"Average","Below Average")))) -> Excellent | L12: =IF(D12=0,"No Internship",IF(D12=1,"One Internship",IF(D12=2,"Two Internships","Three or More"))) -> Two Internships
A13: S012 | B13: ECE | C13: 7.6 | D13: 1 | E13: 3 | F13: Embedded|C|VLSI | G13: Yes | H13: 5.2 | I13: Tier2 | J13: 1 | K13: =IF(C13>=9,"Outstanding",IF(C13>=8,"Excellent",IF(C13>=7,"Good",IF(C13>=6,"Average","Below Average")))) -> Good | L13: =IF(D13=0,"No Internship",IF(D13=1,"One Internship",IF(D13=2,"Two Internships","Three or More"))) -> One Internship
... A51: S050 | B51: CIVIL | C51: 6.1 | D51: 0 | E51: 1 | F51: AutoCAD | G51: No | H51: 0 | I51: None | J51: 0 | K51: =IF(C51>=9,"Outstanding",IF(C51>=8,"Excellent",IF(C51>=7,"Good",IF(C51>=6,"Average","Below Average")))) -> Average | L51: =IF(D51=0,"No Internship",IF(D51=1,"One Internship",IF(D51=2,"Two Internships","Three or More"))) -> No Internship

Sheet Key Findings
B2: COLLEGE PLACEMENT ANALYSIS REPORT -2026
B4: Prepared by:KUNCHALA SRIVENKAT | Tool:Microsoft Excel | Dataset:50 Students | 5 Branches
B6: EXECUTIVE SUMMARY :
B7: This report analyzes placement data of 50 engineering and MBA students across 5 branches — CSE, ECE, MECH, MBA, and CIVIL. The analysis covers 4 key areas: CGPA impact, skill value, internship effect, and branch-wise performance. Overall placement rate stands at 66% with an average salary of 8.33 LPA.
B12: KEY INSIGHT 1- CGPA VS PLACEMENT RATE
B14: Students with CGPA above 7.0 have significantly higher placement rates. Below 7.0 CGPA → 0% placement rate Above 8.0 CGPA → 90%+ placement rate Critical threshold identified at 7.0 CGPA
B20: Recommendation:
B21: Students scoring below 7.0 CGPA must compensate through internships and skill development to remain competitive in placements.
B24: KEY INSIGHT 2- SKILLS VS SALARY PACKAGE
B26: ML/AI skills command highest salary at 14.5 LPA average Tableau and Power BI follow at 11.2 and 10.8 LPA Gap between highest skill (ML=14.5) and lowest (STAAD=5.5) is 9 LPA Python is the most versatile skill across all branches
B31: Recommendation:
B32: Every student regardless of branch should learn Python as a base skill. Adding one data visualization tool (Tableau/PowerBI) can increase salary by 3-5 LPA on average.
... B56: Overall Recommendations Table
B58: Prioriy | C58: Action | D58: Expected Impact
B59: 🔴 High | C59: Do minimum 1 internship | D59: Placement rate +86%
B60: 🔴 High | C60: Maintain CGPA above 7.0 | D60: Placement rate +70%
B61: 🟡 Medium | C61: Learn Python+SQL | D61: Salary +3LPA
B62: 🟡 Medium | C62: Add visualization tool | D62: Salary +2LPA
B63: 🟢 Low | C63: Aim for Tier 1 companies | D63: Salary +5LPA
B65: CONCLUSION:
B66: This analysis clearly shows that placement success depends on a combination of factors — not CGPA alone. Internship experience is the strongest single predictor of placement. Skills determine salary level. Branch determines the baseline opportunity. Students who combine good CGPA (7+), at least one internship, and relevant technical skills have near 100% placement rate.
B71: Report Generated using Microsoft Excel | Data Analysis & Dashboard by KUNCHALA SRIVENKAT
